{"cameraMode":{"drawMode":0,"name":"Shaded","section":"Shading Mode"},"sceneLighting":true,"audioPlay":false,"sceneViewState":{"m_AlwaysRefresh":false,"showFog":true,"showSkybox":true,"showFlares":true,"showImageEffects":true,"showParticleSystems":true,"showVisualEffectGraphs":true,"m_FxEnabled":true},"in2DMode":false,"pivot":{"x":14.10161018371582,"y":-4.673270225524902,"z":-7.236684799194336},"rotation":{"x":0.0012602627975866199,"y":0.9986200928688049,"z":-0.04377696290612221,"w":0.028769588097929956},"size":15.292352676391602,"orthographic":false}